id,type,actor,created_at
23487929637,IssueCommentEvent,sukhada,2022-08-17T15:51:05Z
23487929676,PushEvent,yousabu,2022-08-17T15:51:05Z
23487929674,PushEvent,MathisGD,2022-08-17T15:51:05Z
23487929661,PushEvent,BR-Junior,2022-08-17T15:51:05Z
23487929682,PushEvent,predictcrypto,2022-08-17T15:51:05Z
23487929673,PushEvent,kazukimikami,2022-08-17T15:51:05Z
23487929588,PushEvent,allcontributors[bot],2022-08-17T15:51:05Z
23487929636,CreateEvent,github-actions[bot],2022-08-17T15:51:05Z
23487929580,IssuesEvent,sozysozbot,2022-08-17T15:51:05Z
23487929591,PushEvent,moiify,2022-08-17T15:51:05Z
23487929533,PushEvent,Callithrix-omics,2022-08-17T15:51:05Z
23487929573,PushEvent,datho7561,2022-08-17T15:51:05Z
23487929349,PushEvent,ofzlo,2022-08-17T15:51:04Z
23487929578,PushEvent,edwardzuniga,2022-08-17T15:51:05Z
23487929597,IssueCommentEvent,0xcadams,2022-08-17T15:51:05Z
23487929522,ReleaseEvent,github-actions[bot],2022-08-17T15:51:05Z
23487929560,PushEvent,Mahalderk,2022-08-17T15:51:05Z
23487929536,PushEvent,markbush,2022-08-17T15:51:05Z
23487929501,DeleteEvent,balena-ci,2022-08-17T15:51:05Z
23487929523,PushEvent,chengzhong001,2022-08-17T15:51:05Z
23487929494,PushEvent,pull[bot],2022-08-17T15:51:05Z
23487929532,PushEvent,fathozt,2022-08-17T15:51:05Z
23487929508,CreateEvent,ibrahimalangri,2022-08-17T15:51:05Z
23487929447,PushEvent,InonAngel98,2022-08-17T15:51:05Z
23487929496,DeleteEvent,DmytroKova,2022-08-17T15:51:05Z
23487929420,PushEvent,brianway,2022-08-17T15:51:05Z
23487929439,PushEvent,github-actions[bot],2022-08-17T15:51:05Z
23487929452,PushEvent,adamsorbie,2022-08-17T15:51:05Z
23487929428,IssuesEvent,justbecoder,2022-08-17T15:51:05Z
23487929425,IssueCommentEvent,dislbenn,2022-08-17T15:51:05Z
